{
  "results": [
    {
      "command": "vectorAdd-cu-static.exe",
      "mean": 9.962894588000001,
      "stddev": 0.3097003499460035,
      "median": 9.959139408,
      "user": 9.6859375,
      "system": 0.1903125,
      "min": 9.688889708000001,
      "max": 10.451420808000002,
      "times": [
        10.011938508,
        9.688889708000001,
        9.703084508000002,
        9.959139408,
        10.451420808000002
      ],
      "exit_codes": [
        0,
        0,
        0,
        0,
        0
      ]
    },
    {
      "command": "vectorAdd-cpp-static.exe",
      "mean": 8.203168068000002,
      "stddev": 0.23760123662482935,
      "median": 8.070287108,
      "user": 8.0203125,
      "system": 0.0871875,
      "min": 8.019212708000001,
      "max": 8.593053908000002,
      "times": [
        8.067543908000001,
        8.019212708000001,
        8.593053908000002,
        8.265742708000001,
        8.070287108
      ],
      "exit_codes": [
        0,
        0,
        0,
        0,
        0
      ]
    }
  ]
}
